"","dep_time","distance"
"1",837.049145124901,802.996049543795
"2",1685.22344029997,1186.90972337254
"3",1686.06084260926,460.070480029465
"4",1372.43082791697,2445.51143454993
